<?xml version="1.0" encoding="UTF-8"?>
<!DOCTYPE tiles-definitions PUBLIC  
        "-//Apache Software Foundation//DTD Tiles Configuration 3.0//EN"  
        "http://tiles.apache.org/dtds/tiles-config_3_0.dtd">
<tiles-definitions>
    
    <definition name="usermanagementdetails" extends="treeTemplate">
		<put-attribute name="title" value="User Management" />
		<put-attribute name="tree" 	value="/WEB-INF/views/adminservice/usermanagementTree.jsp" />
		<put-attribute name="body" 	value="/WEB-INF/views/adminservice/addNshowUsers.jsp" />
	</definition>
	    <definition name="createUserGroup" extends="treeTemplate">
		<put-attribute name="title" value="User Group Management" />
		<put-attribute name="tree" 	value="/WEB-INF/views/adminservice/usermanagementTree.jsp" />
		<put-attribute name="body" 	value="/WEB-INF/views/adminservice/addNshowUserGroups.jsp" />
	</definition>
		
    <definition name="usermanagementshowuser" extends="treeTemplate">
		<put-attribute name="title" value="Show User List" />
		<put-attribute name="tree" 	value="/WEB-INF/views/adminservice/usermanagementTree.jsp" />
		<put-attribute name="body" 	value="/WEB-INF/views/adminservice/showUserList.jsp" />
	</definition>
	<definition name="usermanagementshowusergroup" extends="treeTemplate">
		<put-attribute name="title" value="Show User Group List" />
		<put-attribute name="tree" 	value="/WEB-INF/views/adminservice/usermanagementTree.jsp" />
		<put-attribute name="body" 	value="/WEB-INF/views/adminservice/showUserGroupList.jsp" />
	</definition>
	
	<definition name="usermanagementEdituser" extends="treeTemplate">
		<put-attribute name="title" value="View Edit User" />
		<put-attribute name="tree" 	value="/WEB-INF/views/adminservice/usermanagementTree.jsp" />
		<put-attribute name="body" 	value="/WEB-INF/views/adminservice/viewEditUser.jsp" />
	</definition>
	<definition name="viewEditUserGroup" extends="treeTemplate">
		<put-attribute name="title" value="View Edit UserGroup" />
		<put-attribute name="tree" 	value="/WEB-INF/views/adminservice/usermanagementTree.jsp" />
		<put-attribute name="body" 	value="/WEB-INF/views/adminservice/viewEditUserGroup.jsp" />
	</definition>
	
	
	<definition name="usermanagementshowgroup" extends="treeTemplate">
		<put-attribute name="title" value="show User Group" />
		<put-attribute name="tree" 	value="/WEB-INF/views/adminservice/usermanagementTree.jsp" />
		<put-attribute name="body" 	value="/WEB-INF/views/adminservice/showGroup.jsp" />
	</definition>
	<definition name="usermanagementshowrole" extends="treeTemplate">
		<put-attribute name="title" value="Role Management" />
		<put-attribute name="tree" 	value="/WEB-INF/views/adminservice/usermanagementTree.jsp" />
		<put-attribute name="body" 	value="/WEB-INF/views/adminservice/addNshowRoles.jsp" />
	</definition>
    <definition name="showRoleList" extends="treeTemplate">
		<put-attribute name="title" value="Show Role List" />
		<put-attribute name="tree" 	value="/WEB-INF/views/adminservice/usermanagementTree.jsp" />
		<put-attribute name="body" 	value="/WEB-INF/views/adminservice/showRoleList.jsp" />
	</definition>
	<definition name="viewEditRole" extends="treeTemplate">
		<put-attribute name="title" value="View Edit Role" />
		<put-attribute name="tree" 	value="/WEB-INF/views/adminservice/usermanagementTree.jsp" />
		<put-attribute name="body" 	value="/WEB-INF/views/adminservice/viewEditRole.jsp" />
	</definition>
	
	
	
<!-- 	<definition name="jobSchedule" extends="treeTemplate">
		<put-attribute name="title" value="Job Scheduling" />
		<put-attribute name="tree" 	value="/WEB-INF/views/adminservice/utilities/utilitiesTree.jsp" />
		<put-attribute name="body" 	value="/WEB-INF/views/adminservice/utilities/schedulingLst.jsp" />
	</definition>

	<definition name="jobScheduleDtl" extends="treeTemplate">
		<put-attribute name="title" value="Job Scheduling" />
		<put-attribute name="tree" 	value="/WEB-INF/views/adminservice/utilities/utilitiesTree.jsp" />
		<put-attribute name="body" 	value="/WEB-INF/views/adminservice/utilities/schedulingDtl.jsp" />
	</definition> -->
	
	<definition name="envVariable" extends="treeTemplate">
		<put-attribute name="title" value="Enviornment Variable List" />
		<put-attribute name="tree" 	value="/WEB-INF/views/adminservice/utilities/utilitiesTree.jsp" />
		<put-attribute name="body" 	value="/WEB-INF/views/adminservice/utilities/envVariableLst.jsp" />
	</definition>
	<definition name="envVariableDtl" extends="treeTemplate">
		<put-attribute name="title" value="Add/Edit Enviornment Variable" />
		<put-attribute name="tree" 	value="/WEB-INF/views/adminservice/utilities/utilitiesTree.jsp" />
		<put-attribute name="body" 	value="/WEB-INF/views/adminservice/utilities/envVariableDtl.jsp" />
	</definition>
	<definition name="licMgmt" extends="baseTemplate">
		<put-attribute name="title" value="License Management" />
		<put-attribute name="body" 	value="/WEB-INF/views/adminservice/licMgmt.jsp" />
	</definition>
	<definition name="termsNconditions" extends="treeTemplate">
		<put-attribute name="title" value="Terms And Conditions" />
		<put-attribute name="tree" 	value="/WEB-INF/views/adminservice/utilities/utilitiesTree.jsp" />
		<put-attribute name="body" 	value="/WEB-INF/views/adminservice/utilities/termsNconditions.jsp" />
	</definition>
	<definition name="miscellaneous" extends="treeTemplate">
		<put-attribute name="title" value="Miscellaneous" />
		<put-attribute name="tree" 	value="/WEB-INF/views/adminservice/utilities/utilitiesTree.jsp" />
		<put-attribute name="body" 	value="/WEB-INF/views/adminservice/utilities/miscellaneous.jsp" />
	</definition>
	<definition name="feedExportImport" extends="treeTemplate">
		<put-attribute name="title" value="Export Import Feed" />
		<put-attribute name="tree" 	value="/WEB-INF/views/adminservice/exportImport/exportImportTree.jsp" />
		<put-attribute name="body" 	value="/WEB-INF/views/adminservice/exportImport/feedExportImport.jsp" />
	</definition>
	<definition name="reconExportImport" extends="treeTemplate">
		<put-attribute name="title" value="Export Import Feed" />
		<put-attribute name="tree" 	value="/WEB-INF/views/adminservice/exportImport/exportImportTree.jsp" />
		<put-attribute name="body" 	value="/WEB-INF/views/adminservice/exportImport/reconExportImport.jsp" />
	</definition>
	<!-- Job Import Export -->
	<definition name="reportExportImport" extends="treeTemplate">
		<put-attribute name="title" value="Report Import Feed" />
		<put-attribute name="tree" 	value="/WEB-INF/views/adminservice/exportImport/exportImportTree.jsp" />
		<put-attribute name="body" 	value="/WEB-INF/views/adminservice/exportImport/reportExportImport.jsp" />
	</definition>
	
	<definition name="xlsxReportTemplatesExportImport" extends="treeTemplate">
		<put-attribute name="title" value="Template Report (Xlsx) Import Feed" />
		<put-attribute name="tree" 	value="/WEB-INF/views/adminservice/exportImport/exportImportTree.jsp" />
		<put-attribute name="body" 	value="/WEB-INF/views/adminservice/exportImport/templateReportXlsx.jsp" />
	</definition>
	
	<definition name="jobImportExport" extends="treeTemplate">
		<put-attribute name="title" value="Job Import Export" />
		<put-attribute name="tree" 	value="/WEB-INF/views/adminservice/exportImport/exportImportTree.jsp" />
		<put-attribute name="body" 	value="/WEB-INF/views/adminservice/exportImport/jobImportExport.jsp" />
	</definition>
	<!-- Job Import Export -->
	<definition name="sqlwizard" extends="baseTemplate">
		<put-attribute name="title" value="SQL Wizard" />
		<put-attribute name="body" 	value="/WEB-INF/views/adminservice/sqlwizard/sqlwizard.jsp" />
	</definition>
	<definition name="condnljobexec" extends="baseTemplate">
		<put-attribute name="title" value="Conditional Job Execution List" />
		<put-attribute name="body" 	value="/WEB-INF/views/adminservice/condnljobexec/condnljobexecLst.jsp" />
	</definition>
	<definition name="condnljobexecDtl" extends="baseTemplate">
		<put-attribute name="title" value="Conditional Job Execution Detail" />
		<put-attribute name="body" 	value="/WEB-INF/views/adminservice/condnljobexec/condnljobexecDtl.jsp" />
	</definition>
	<definition name="applogs" extends="baseTemplate">
		<put-attribute name="title" value="Application Logs" />
		<put-attribute name="body" 	value="/WEB-INF/views/adminservice/applogs/applogs.jsp" />
	</definition>
</tiles-definitions>