<?xml version="1.0" encoding="UTF-8"?>
<!DOCTYPE tiles-definitions PUBLIC  
        "-//Apache Software Foundation//DTD Tiles Configuration 3.0//EN"  
        "http://tiles.apache.org/dtds/tiles-config_3_0.dtd">
<tiles-definitions>
 
    <definition name="baseTemplate" template="/WEB-INF/views/template/baseTemplate.jsp">
        <put-attribute name="title" value="Smart Reconciliation System" />
        <put-attribute name="header" value="/WEB-INF/views/template/header.jsp" />
        <put-attribute name="menu" value="/WEB-INF/views/template/menu.jsp" />
        <put-attribute name="body" value="/WEB-INF/views/template/body.jsp" />
        <put-attribute name="footer" value="/WEB-INF/views/template/footer.jsp" />
    </definition>
    
    
      <definition name="baseTemplateChatbot" template="/WEB-INF/views/template/baseTemplateChatbot.jsp">
        <put-attribute name="title" value="Smart Reconciliation System" />
        <put-attribute name="header" value="/WEB-INF/views/template/header.jsp" />
        <put-attribute name="menu" value="/WEB-INF/views/template/menu.jsp" />
        <put-attribute name="body" value="/WEB-INF/views/template/body.jsp" />
    </definition>
    
    
    <definition name="treeTemplate" template="/WEB-INF/views/template/treeTemplate.jsp">
        <put-attribute name="title" value="Smart Reconciliation System" />
        <put-attribute name="header" value="/WEB-INF/views/template/header.jsp" />
        <put-attribute name="menu" value="/WEB-INF/views/template/menu.jsp" />
        <put-attribute name="tree" value="/WEB-INF/views/template/tree.jsp" />
        <put-attribute name="body" value="/WEB-INF/views/template/body.jsp" />
        <put-attribute name="footer" value="/WEB-INF/views/template/footer.jsp" />
    </definition>    


    <definition name="portal" template="/WEB-INF/views/template/portal.jsp">

    </definition>
	<definition name="campaign" template="/WEB-INF/views/template/campaign.jsp">

    </definition>
	<definition name="accounting" template="/WEB-INF/views/template/accounting.jsp">

    </definition>
    
    <definition name="ecommerce" template="/WEB-INF/views/template/ecommerce.jsp">

    </definition>


   
    <definition name="portal_old" template="/WEB-INF/views/template/baseTemplate_portal.jsp">
    	<put-attribute name="title" value="SmartRecon Technologies" />
        <put-attribute name="body" value="/WEB-INF/views/template/portal.jsp" />
        <put-attribute name="footer" value="/WEB-INF/views/template/footer.jsp" />
    </definition>
    <definition name="login" template="/WEB-INF/views/template/baseTemplate.jsp">
        <put-attribute name="title" value="Smart Reconciliation System" />
        <put-attribute name="header" value="/WEB-INF/views/template/header.jsp" />
        <put-attribute name="menu" value="" />
        <put-attribute name="body" value="/WEB-INF/views/template/login.jsp" />
        <put-attribute name="footer" value="/WEB-INF/views/template/footer.jsp" />
    </definition>
    
    
    <definition name="test" extends="baseTemplate">
		<put-attribute name="title" value="Testing is going on . . ." />
		<put-attribute name="header" value="" />
		<put-attribute name="menu" value="" />
		<put-attribute name="body" 	value="/WEB-INF/views/test.jsp" />
		<put-attribute name="footer" value="" />
	</definition>
	
	<definition name="home" extends="baseTemplate">
		<put-attribute name="body" 	value="/WEB-INF/views/template/home.jsp" />
	</definition>
	
	<definition name="firstLogin" extends="baseTemplate">
		<put-attribute name="menu" value="" />
		<put-attribute name="body" 	value="/WEB-INF/views/template/firstLogin.jsp" />
	</definition>
	
	<definition name="error"  template="/WEB-INF/views/common/error.jsp">
	</definition>
	
	<definition name="customLogout" template="/WEB-INF/views/template/baseTemplate.jsp">
        <put-attribute name="title" value="Smart Reconciliation System" />
        <put-attribute name="header" value="/WEB-INF/views/template/header_logout.jsp" />
        <put-attribute name="menu" value="" />
        <put-attribute name="body" value="/WEB-INF/views/template/customLogout.jsp" />
        <put-attribute name="footer" value="/WEB-INF/views/template/footer.jsp" />
    </definition>
    
    <definition name="dragndrop" extends="baseTemplate">
		<put-attribute name="body" 	value="/WEB-INF/views/dragNDrop/jobList.jsp" />
	</definition>
	
	<definition name="dragndropdtl" extends="baseTemplate">
		<put-attribute name="body" 	value="/WEB-INF/views/dragNDrop/jobDtls.jsp" />
	</definition>
	
	 <definition name="chatbot" extends="baseTemplateChatbot">
		<put-attribute name="body" 	value="/WEB-INF/views/chatbot/chatbot.jsp" />
	</definition>
    
</tiles-definitions>