<?xml version="1.0" encoding="UTF-8"?>
<!DOCTYPE tiles-definitions PUBLIC  
        "-//Apache Software Foundation//DTD Tiles Configuration 3.0//EN"  
        "http://tiles.apache.org/dtds/tiles-config_3_0.dtd">
<tiles-definitions>
    
    <definition name="feedconfiguration" extends="baseTemplate">
		<put-attribute name="title" value="Feed Configuration - List" />
		<put-attribute name="body" 	value="/WEB-INF/views/feedConfig/feedList.jsp" />
	</definition>
	 
	 <definition name="feedconfigadd" extends="treeTemplate">
		<put-attribute name="title" value="Feed Configuration - Add" />
		<put-attribute name="tree" 	value="/WEB-INF/views/feedConfig/feedTree.jsp" />
		<put-attribute name="body" 	value="/WEB-INF/views/feedConfig/addFeed.jsp" />
	</definition>
	
	<definition name="feedconfigviewedit" extends="treeTemplate">
		<put-attribute name="title" value="Feed Configuration - View/Edit" />
		<put-attribute name="tree" 	value="/WEB-INF/views/feedConfig/feedTree.jsp" />
		<put-attribute name="body" 	value="/WEB-INF/views/feedConfig/viewEdit.jsp" />
	</definition>
	
	<definition name="feedoffeedsaddedit" extends="treeTemplate">
		<put-attribute name="title" value="Feed of Feed(s) Configuration - View/Edit" />
		<put-attribute name="tree" 	value="/WEB-INF/views/feedConfig/feedTree.jsp" />
		<put-attribute name="body" 	value="/WEB-INF/views/feedConfig/feedoffeedsaddedit.jsp" />
	</definition>
	
	<definition name="feedofreconsaddedit" extends="treeTemplate">
		<put-attribute name="title" value="Feed of Recon(s) Configuration - View/Edit" />
		<put-attribute name="tree" 	value="/WEB-INF/views/feedConfig/feedTree.jsp" />
		<put-attribute name="body" 	value="/WEB-INF/views/feedConfig/feedofreconsaddedit.jsp" />
	</definition>

	<definition name="transposefeedaddedit" extends="treeTemplate">
		<put-attribute name="title" value="Transpose Feed Configuration - View/Edit" />
		<put-attribute name="tree" 	value="/WEB-INF/views/feedConfig/feedTree.jsp" />
		<put-attribute name="body" 	value="/WEB-INF/views/feedConfig/transposefeedaddedit.jsp" />
	</definition>

	<definition name="joinedfeedaddedit" extends="treeTemplate">
		<put-attribute name="title" value="Transpose Feed Configuration - View/Edit" />
		<put-attribute name="tree" 	value="/WEB-INF/views/feedConfig/feedTree.jsp" />
		<put-attribute name="body" 	value="/WEB-INF/views/feedConfig/joinedfeedaddedit.jsp" />
	</definition>
	
	<definition name="feedconfigRules" extends="treeTemplate">
		<put-attribute name="title" value="Feed Configuration - Transformation Rules" />
		<put-attribute name="tree" 	value="/WEB-INF/views/feedConfig/feedTree.jsp" />
		<put-attribute name="body" 	value="/WEB-INF/views/feedConfig/feedTransform.jsp" />
	</definition>
	
	<definition name="feedconfigRuleDetails" extends="treeTemplate">
		<put-attribute name="title" value="Feed Configuration - Transformation Rules" />
		<put-attribute name="tree" 	value="/WEB-INF/views/feedConfig/feedTree.jsp" />
		<put-attribute name="body" 	value="/WEB-INF/views/feedConfig/feedTransformDetails.jsp" />
	</definition>
	
	
	
	<definition name="reconciliationconfiguration" extends="baseTemplate">
		<put-attribute name="title" value="Recon Configuration - List" />
		<put-attribute name="body" 	value="/WEB-INF/views/reconConfig/reconList.jsp" />
	</definition>
	
	<definition name="recongenericinfo" extends="treeTemplate">
		<put-attribute name="title" value="Recon Configuration - View/Edit" />
		<put-attribute name="tree" 	value="/WEB-INF/views/reconConfig/reconTree.jsp" />
		<put-attribute name="body" 	value="/WEB-INF/views/reconConfig/reconGenInfo.jsp" />
	</definition>
	
	<definition name="recon2feedmap" extends="treeTemplate">
		<put-attribute name="title" value="Recon Configuration - View/Edit" />
		<put-attribute name="tree" 	value="/WEB-INF/views/reconConfig/reconTree.jsp" />
		<put-attribute name="body" 	value="/WEB-INF/views/reconConfig/recon2feedmap.jsp" />
	</definition>

	<definition name="reconBuckets" extends="treeTemplate">
		<put-attribute name="title" value="Recon Configuration - View/Edit" />
		<put-attribute name="tree" 	value="/WEB-INF/views/reconConfig/reconTree.jsp" />
		<put-attribute name="body" 	value="/WEB-INF/views/reconConfig/reconBuckets.jsp" />
	</definition>
		
	<definition name="recondataenrich" extends="treeTemplate">
		<put-attribute name="title" value="Recon Configuration - View/Edit" />
		<put-attribute name="tree" 	value="/WEB-INF/views/reconConfig/reconTree.jsp" />
		<put-attribute name="body" 	value="/WEB-INF/views/reconConfig/reconDataEnrichment.jsp" />
	</definition>	
	
	<definition name="recondataenrichDetails" extends="treeTemplate">
		<put-attribute name="title" value="Recon Configuration - View/Edit" />
		<put-attribute name="tree" 	value="/WEB-INF/views/reconConfig/reconTree.jsp" />
		<put-attribute name="body" 	value="/WEB-INF/views/reconConfig/reconDataEnrichmentDetails.jsp" />
	</definition>
	
	<definition name="matchingrules" extends="treeTemplate">
		<put-attribute name="title" value="Recon Configuration - View/Edit" />
		<put-attribute name="tree" 	value="/WEB-INF/views/reconConfig/reconTree.jsp" />
		<put-attribute name="body" 	value="/WEB-INF/views/reconConfig/matchingRules.jsp" />
	</definition>	
	
	<!-- Old one to remove -->
	<definition name="transactioncancellation" extends="treeTemplate">
		<put-attribute name="title" value="Recon Configuration - View/Edit" />
		<put-attribute name="tree" 	value="/WEB-INF/views/reconConfig/reconTree.jsp" />
		<put-attribute name="body" 	value="/WEB-INF/views/reconConfig/transactionCancellation.jsp" />
	</definition>	
	
	<definition name="trxCanc" extends="treeTemplate">
		<put-attribute name="title" value="Recon Configuration - View/Edit" />
		<put-attribute name="tree" 	value="/WEB-INF/views/reconConfig/reconTree.jsp" />
		<put-attribute name="body" 	value="/WEB-INF/views/reconConfig/trxCanc.jsp" />
	</definition>
	
	<definition name="trxCancDtl" extends="treeTemplate">
		<put-attribute name="title" value="Recon Configuration - View/Edit" />
		<put-attribute name="tree" 	value="/WEB-INF/views/reconConfig/reconTree.jsp" />
		<put-attribute name="body" 	value="/WEB-INF/views/reconConfig/trxCancDtl.jsp" />
	</definition>	
	
	<definition name="oprnConf" extends="treeTemplate">
		<put-attribute name="title" value="Recon Configuration - View/Edit" />
		<put-attribute name="tree" 	value="/WEB-INF/views/reconConfig/reconTree.jsp" />
		<put-attribute name="body" 	value="/WEB-INF/views/reconConfig/oprnConf.jsp" />
	</definition>
	
	<definition name="oprnConfAddEdit" extends="treeTemplate">
		<put-attribute name="title" value="Recon Configuration - View/Edit" />
		<put-attribute name="tree" 	value="/WEB-INF/views/reconConfig/reconTree.jsp" />
		<put-attribute name="body" 	value="/WEB-INF/views/reconConfig/oprnConfAddEdit.jsp" />
	</definition>
	
	<definition name="feedsummreportlist" extends="treeTemplate">
		<put-attribute name="title" value="Feed Summary Report Configuration - List" />
		<put-attribute name="tree" 	value="/WEB-INF/views/reportConfig/reportTree.jsp" />
		<put-attribute name="body" 	value="/WEB-INF/views/reportConfig/feedReport/feedSummReportLst.jsp" />
	</definition>
	
	<definition name="feedsummreportdtls" extends="treeTemplate">
		<put-attribute name="title" value="Feed Summary Report Configuration - View/Edit" />
		<put-attribute name="tree" 	value="/WEB-INF/views/reportConfig/reportTree.jsp" />
		<put-attribute name="body" 	value="/WEB-INF/views/reportConfig/feedReport/feedSummReportDtls.jsp" />
	</definition>	
	
	<definition name="feeddatareportlist" extends="treeTemplate">
		<put-attribute name="title" value="Feed Data Report Configuration - List" />
		<put-attribute name="tree" 	value="/WEB-INF/views/reportConfig/reportTree.jsp" />
		<put-attribute name="body" 	value="/WEB-INF/views/reportConfig/feedReport/feedDataReportLst.jsp" />
	</definition>
	
	<definition name="feeddatareportdtls" extends="treeTemplate">
		<put-attribute name="title" value="Feed Data Report Configuration - View/Edit" />
		<put-attribute name="tree" 	value="/WEB-INF/views/reportConfig/reportTree.jsp" />
		<put-attribute name="body" 	value="/WEB-INF/views/reportConfig/feedReport/feedDataReportDtls.jsp" />
	</definition>	
	
	<!-- GST & Common File Upload config Start -->
	<definition name="gstFileuploadForGSTN" extends="treeTemplate">
		<put-attribute name="title" value="GST File Upload" />
		<put-attribute name="tree" 	value="/WEB-INF/views/gstFileUploadConfig/gstFileUploadTree.jsp" />
		<put-attribute name="body" 	value="/WEB-INF/views/gstFileUploadConfig/uploadGSTNFile.jsp" />
	</definition>
	 
	 <definition name="gstFileuploadForCompany" extends="treeTemplate">
		<put-attribute name="title" value="GST File Upload" />
		<put-attribute name="tree" 	value="/WEB-INF/views/gstFileUploadConfig/gstFileUploadTree.jsp" />
		<put-attribute name="body" 	value="/WEB-INF/views/gstFileUploadConfig/uploadCompanyFile.jsp" />
	</definition>
	
	<definition name="commonFileupload2Cloud" extends="treeTemplate">
		<put-attribute name="title" value="File Upload" />
		<put-attribute name="tree" 	value="/WEB-INF/views/gstFileUploadConfig/gstFileUploadTree.jsp" />
		<put-attribute name="body" 	value="/WEB-INF/views/gstFileUploadConfig/uploadFile2ObjectStore.jsp" />
	</definition>
	
	<definition name="refDocs" extends="treeTemplate">
		<put-attribute name="title" value="File Upload" />
		<put-attribute name="tree" 	value="/WEB-INF/views/gstFileUploadConfig/gstFileUploadTree.jsp" />
		<put-attribute name="body" 	value="/WEB-INF/views/gstFileUploadConfig/refDocsFileStore.jsp" />
	</definition>

	<!-- GST & Common File Upload config End-->
	
	
	<definition name="jobSchedule" extends="baseTemplate">
		<put-attribute name="title" value="Job Scheduling" />
		<!-- <put-attribute name="tree" 	value="/WEB-INF/views/adminservice/utilities/utilitiesTree.jsp" /> -->
		<put-attribute name="body" 	value="/WEB-INF/views/adminservice/utilities/schedulingLst.jsp" />
	</definition>

	<definition name="jobScheduleDtl" extends="baseTemplate">
		<put-attribute name="title" value="Job Scheduling" />
		<!-- <put-attribute name="tree" 	value="/WEB-INF/views/adminservice/utilities/utilitiesTree.jsp" /> -->
		<put-attribute name="body" 	value="/WEB-INF/views/adminservice/utilities/schedulingDtl.jsp" />
	</definition>
	
	<definition name="reconDashConfigLst" extends="baseTemplate">
		<put-attribute name="title" value="Recon Dashboard Configuration"/>
		<put-attribute name="body" 	value="/WEB-INF/views/reconDashConfig/reconDashConfigLst.jsp" />
	</definition>
	
	<definition name="reconDashConfigDtl" extends="baseTemplate">
		<put-attribute name="title" value="Recon Dashboard Configuration"/>
		<put-attribute name="body" 	value="/WEB-INF/views/reconDashConfig/reconDashConfigDtl.jsp" />
	</definition>

	<definition name="chartConfigDtl" extends="baseTemplate">
		<put-attribute name="title" value="Chart Configuration"/>
		<put-attribute name="body" 	value="/WEB-INF/views/chartConfig/chartDtls.jsp" />
	</definition>
	
    <definition name="chartConfig" extends="baseTemplate">
		<put-attribute name="title" value="Chart Configuration"/>
		<put-attribute name="body" 	value="/WEB-INF/views/chartConfig/chartLst.jsp" />
	</definition>

	<definition name="chartConfigDtl" extends="baseTemplate">
		<put-attribute name="title" value="Chart Configuration"/>
		<put-attribute name="body" 	value="/WEB-INF/views/chartConfig/chartDtls.jsp" />
	</definition>
	
	<definition name="feedexecnotiflist" extends="treeTemplate">
		<put-attribute name="title" value="Feed Execution Notification - List" />
		<put-attribute name="tree" 	value="/WEB-INF/views/notificationConfig/notificationTree.jsp" />
		<put-attribute name="body" 	value="/WEB-INF/views/notificationConfig/feedExecLst.jsp" />
	</definition>
	
	<definition name="feedexecnotifadd" extends="treeTemplate">
		<put-attribute name="title" value="Add/View Feed Execution Notification" />
		<put-attribute name="tree" 	value="/WEB-INF/views/notificationConfig/notificationTree.jsp" />
		<put-attribute name="body" 	value="/WEB-INF/views/notificationConfig/addFeedExec.jsp" />
	</definition>
	
	<definition name="reconexecnotiflist" extends="treeTemplate">
		<put-attribute name="title" value="Recon Execution Notification - List" />
		<put-attribute name="tree" 	value="/WEB-INF/views/notificationConfig/notificationTree.jsp" />
		<put-attribute name="body" 	value="/WEB-INF/views/notificationConfig/reconExecLst.jsp" />
	</definition>
	
	<definition name="reconexecnotifadd" extends="treeTemplate">
		<put-attribute name="title" value="Add/View Recon Execution Notification" />
		<put-attribute name="tree" 	value="/WEB-INF/views/notificationConfig/notificationTree.jsp" />
		<put-attribute name="body" 	value="/WEB-INF/views/notificationConfig/addReconExec.jsp" />
	</definition>
	
</tiles-definitions>