<?xml version="1.0" encoding="UTF-8"?>
<!DOCTYPE tiles-definitions PUBLIC  
        "-//Apache Software Foundation//DTD Tiles Configuration 3.0//EN"  
        "http://tiles.apache.org/dtds/tiles-config_3_0.dtd">
<tiles-definitions>
    
    <definition name="recondashboard" extends="baseTemplate">
		<put-attribute name="title" value="Recon Execution Dashboard" />
		<put-attribute name="body" 	value="/WEB-INF/views/dashboard/reconDashboard.jsp" />
	</definition>
	 
    <definition name="feeddashboard" extends="baseTemplate">
		<put-attribute name="title" value="Feed Execution Dashboard" />
		<put-attribute name="body" 	value="/WEB-INF/views/dashboard/feedDashboard.jsp" />
	</definition>
	
    <definition name="reportdashboard" extends="baseTemplate">
		<put-attribute name="title" value="Report Execution Dashboard" />
		<put-attribute name="body" 	value="/WEB-INF/views/dashboard/reportDashboard.jsp" />
	</definition>
		
    <definition name="executionsummary" extends="baseTemplate">
		<put-attribute name="title" value="Execution Summary" />
		<put-attribute name="body" 	value="/WEB-INF/views/execSummary/executionSummary.jsp" />
	</definition>
	
	<!-- Upper one is report execution -->
	<definition name="reconciliationDashboard" extends="baseTemplate">
		<put-attribute name="title" value="Job Dashboard" />
		<put-attribute name="body" 	value="/WEB-INF/views/dashboard/reconDashboard/reconciliationDashboard.jsp" />
	</definition>
			
    <definition name="charts" extends="baseTemplate">
		<put-attribute name="title" value="Charts" />
		<put-attribute name="body" 	value="/WEB-INF/views/charts/charts.jsp" />
	</definition>
	    
</tiles-definitions>