<?xml version="1.0" encoding="UTF-8"?>
<!DOCTYPE tiles-definitions PUBLIC  
        "-//Apache Software Foundation//DTD Tiles Configuration 3.0//EN"  
        "http://tiles.apache.org/dtds/tiles-config_3_0.dtd">
<tiles-definitions>
    
    <definition name="feedData" extends="baseTemplate">
		<put-attribute name="title" value="Feed Data" />
		<put-attribute name="body" 	value="/WEB-INF/views/operations/feeddata/feedData.jsp" />
	</definition>
	
	<definition name="clientfeeddata" extends="baseTemplate">
		<put-attribute name="title" value="Client Feed Data" />
		<put-attribute name="body" 	value="/WEB-INF/views/operations/clientfeeddata/clientfeedData.jsp" />
	</definition>
	
	<definition name="editableFeedLookupData" extends="baseTemplate">
		<put-attribute name="title" value="Editable Feed Lookup Data" />
		<put-attribute name="body" 	value="/WEB-INF/views/operations/editablelookupfeeds/editablefeedLookupData.jsp" />
	</definition>
	
	<definition name="recData" extends="baseTemplate">
		<put-attribute name="title" value="Recon Data" />
		<put-attribute name="body" 	value="/WEB-INF/views/operations/recondata/recData.jsp" />
	</definition>
	
	<definition name="recMaintenance" extends="baseTemplate">
		<put-attribute name="title" value="Recon Maintenance" />
		<put-attribute name="body" 	value="/WEB-INF/views/operations/reconmaintenance/recMaintenance.jsp" />
	</definition>
	
	<definition name="opernRequest" extends="baseTemplate">
		<put-attribute name="title" value="Recon Maintenance" />
		<put-attribute name="body" 	value="/WEB-INF/views/operations/opernRequest/opernRequestLst.jsp" />
	</definition>
	
	<definition name="opernRequestByRecon" extends="baseTemplate">
		<put-attribute name="title" value="Recon Maintenance" />
		<put-attribute name="body" 	value="/WEB-INF/views/operations/opernRequest/opernRequestByRecon.jsp" />
	</definition>
	
	<definition name="opernRequestDtls" extends="baseTemplate">
		<put-attribute name="title" value="Recon Maintenance" />
		<put-attribute name="body" 	value="/WEB-INF/views/operations/opernRequest/opernRequestDtls.jsp" />
	</definition>
	
	<definition name="custompages" extends="treeTemplate">
		<put-attribute name="title" value="Custom Pages" />
		<put-attribute name="tree" 	value="/WEB-INF/views/operations/customPages/customPagesTree.jsp" />
		<put-attribute name="body" 	value="/WEB-INF/views/operations/customPages/customPages.jsp" />
	</definition>
	
	<definition name="reconActivity" extends="baseTemplate">
		<put-attribute name="title" value="Recon Activity" />
		<put-attribute name="body" 	value="/WEB-INF/views/operations/reconActivity/reconActivity.jsp" />
	</definition>
	<definition name="reconSnapshot" extends="baseTemplate">
		<put-attribute name="title" value="Recon Snapshot" />
		<put-attribute name="body" 	value="/WEB-INF/views/operations/reconSnapshot/reconSnapshot.jsp" />
	</definition>
	
</tiles-definitions>