<?xml version="1.0" encoding="UTF-8"?>
<!DOCTYPE tiles-definitions PUBLIC  
        "-//Apache Software Foundation//DTD Tiles Configuration 3.0//EN"  
        "http://tiles.apache.org/dtds/tiles-config_3_0.dtd">
<tiles-definitions>
    
 	<definition name="feedsummreportlist" extends="treeTemplate">
		<put-attribute name="title" value="Feed Summary Report Configuration - List" />
		<put-attribute name="tree" 	value="/WEB-INF/views/reportConfig/reportTree.jsp" />
		<put-attribute name="body" 	value="/WEB-INF/views/reportConfig/feedReport/feedSummReportLst.jsp" />
	</definition>
	<definition name="feedsummreportadd" extends="treeTemplate">
		<put-attribute name="title" value="Add/View Feed Summary Report Configuration" />
		<put-attribute name="tree" 	value="/WEB-INF/views/reportConfig/reportTree.jsp" />
		<put-attribute name="body" 	value="/WEB-INF/views/reportConfig/feedReport/feedSummReportDtls.jsp" />
	</definition>
	
	<definition name="feeddatareportlist" extends="treeTemplate">
		<put-attribute name="title" value="Feed Data Report Configuration - List" />
		<put-attribute name="tree" 	value="/WEB-INF/views/reportConfig/reportTree.jsp" />
		<put-attribute name="body" 	value="/WEB-INF/views/reportConfig/feedReport/feedDataReportLst.jsp" />
	</definition>
	<definition name="feeddatareportadd" extends="treeTemplate">
		<put-attribute name="title" value="Add/View Feed Data Report Configuration" />
		<put-attribute name="tree" 	value="/WEB-INF/views/reportConfig/reportTree.jsp" />
		<put-attribute name="body" 	value="/WEB-INF/views/reportConfig/feedReport/feedDataReportDtls.jsp" />
	</definition>
	
	
	<!-- Recon summary and data page -->
	
	<definition name="reconsummreportadd" extends="treeTemplate">
		<put-attribute name="title" value="Add/View Feed Summary Report Configuration" />
		<put-attribute name="tree" 	value="/WEB-INF/views/reportConfig/reportTree.jsp" />
		<put-attribute name="body" 	value="/WEB-INF/views/reportConfig/reconReport/reconSummReportDtls.jsp" />
	</definition>
	<definition name="reconsummreportlist" extends="treeTemplate">
		<put-attribute name="title" value="Add/View Recon Summary Report Configuration" />
		<put-attribute name="tree" 	value="/WEB-INF/views/reportConfig/reportTree.jsp" />
		<put-attribute name="body" 	value="/WEB-INF/views/reportConfig/reconReport/reconSummReportLst.jsp" />
	</definition>
	
	<definition name="recondatareportadd" extends="treeTemplate">
		<put-attribute name="title" value="Add/View Feed Summary Report Configuration" />
		<put-attribute name="tree" 	value="/WEB-INF/views/reportConfig/reportTree.jsp" />
		<put-attribute name="body" 	value="/WEB-INF/views/reportConfig/reconReport/reconDataReportDtls.jsp" />
	</definition>
	<definition name="recondatareportlist" extends="treeTemplate">
		<put-attribute name="title" value="Recon Data Report Configuration - List" />
		<put-attribute name="tree" 	value="/WEB-INF/views/reportConfig/reportTree.jsp" />
		<put-attribute name="body" 	value="/WEB-INF/views/reportConfig/reconReport/reconDataReportLst.jsp" />
	</definition>

	<definition name="xlsxReportTemplates" extends="treeTemplate">
		<put-attribute name="title" value="Xlsx Report Temlates" />
		<put-attribute name="tree" 	value="/WEB-INF/views/reportConfig/reportTree.jsp" />
		<put-attribute name="body" 	value="/WEB-INF/views/reportConfig/combinedReport/xlsxReportTemplates.jsp" />
	</definition>
	<definition name="xlsxReportTemplateDtls" extends="treeTemplate">
		<put-attribute name="title" value="Xlsx Report Temlates" />
		<put-attribute name="tree" 	value="/WEB-INF/views/reportConfig/reportTree.jsp" />
		<put-attribute name="body" 	value="/WEB-INF/views/reportConfig/combinedReport/xlsxReportTemplateDtls.jsp" />
	</definition>
	
	<definition name="combreportlist" extends="treeTemplate">
		<put-attribute name="title" value="Combined Report Configuration - List" />
		<put-attribute name="tree" 	value="/WEB-INF/views/reportConfig/reportTree.jsp" />
		<put-attribute name="body" 	value="/WEB-INF/views/reportConfig/combinedReport/combinedReportLst.jsp" />
	</definition>
	<definition name="combreportdtl" extends="treeTemplate">
		<put-attribute name="title" value="Combined Report Configuration" />
		<put-attribute name="tree" 	value="/WEB-INF/views/reportConfig/reportTree.jsp" />
		<put-attribute name="body" 	value="/WEB-INF/views/reportConfig/combinedReport/combinedReportDtls.jsp" />
	</definition>
	
	<definition name="sqlTmpltReportlist" extends="treeTemplate">
		<put-attribute name="title" value="SQL Templated Report Configuration - List" />
		<put-attribute name="tree" 	value="/WEB-INF/views/reportConfig/reportTree.jsp" />
		<put-attribute name="body" 	value="/WEB-INF/views/reportConfig/combinedReport/sqlTemplatedReportLst.jsp" />
	</definition>
	<definition name="sqlTmpltReportDtl" extends="treeTemplate">
		<put-attribute name="title" value="SQL Templated Report Configuration" />
		<put-attribute name="tree" 	value="/WEB-INF/views/reportConfig/reportTree.jsp" />
		<put-attribute name="body" 	value="/WEB-INF/views/reportConfig/combinedReport/sqlTemplatedReportDtl.jsp" />
	</definition>
	
	<!-- 
	<definition name="sqlTemplatedCustomPageLst" extends="treeTemplate">
		<put-attribute name="title" value="SQL Templated Custom Page - List" />
		<put-attribute name="tree" 	value="/WEB-INF/views/reportConfig/reportTree.jsp" />
		<put-attribute name="body" 	value="/WEB-INF/views/reportConfig/combinedReport/sqlTemplatedCustomPageLst.jsp" />
	</definition>
	<definition name="sqlTemplatedCustomPageDtl" extends="treeTemplate">
		<put-attribute name="title" value="SQL Templated Custom Page Details" />
		<put-attribute name="tree" 	value="/WEB-INF/views/reportConfig/reportTree.jsp" />
		<put-attribute name="body" 	value="/WEB-INF/views/reportConfig/combinedReport/sqlTemplatedCustomPageDtl.jsp" />
	</definition>
	 -->
	
	<definition name="custreportconfig" extends="baseTemplate">
		<put-attribute name="title" value="Custom Report - List" />
		<put-attribute name="body" 	value="/WEB-INF/views/reportConfig/combinedReport/sqlTemplatedCustomPageLst.jsp" />
	</definition>
	<definition name="custreportconfigdtl" extends="baseTemplate">
		<put-attribute name="title" value="Custom Report - Details" />
		<put-attribute name="body" 	value="/WEB-INF/views/reportConfig/combinedReport/sqlTemplatedCustomPageDtl.jsp" />
	</definition>
	
	
</tiles-definitions>