<?xml version="1.0" encoding="UTF-8"?>
<!DOCTYPE tiles-definitions PUBLIC  
        "-//Apache Software Foundation//DTD Tiles Configuration 3.0//EN"  
        "http://tiles.apache.org/dtds/tiles-config_3_0.dtd">
<tiles-definitions>
    
    <definition name="feedLookupData" extends="baseTemplate">
		<put-attribute name="title" value="Feed Lookup Data" />
		<put-attribute name="body" 	value="/WEB-INF/views/staticpages/feeddata/feedLookupData.jsp" />
	</definition>
	
	
	<definition name="globalVariable" extends="baseTemplate">
		<put-attribute name="title" value="Global Variable List" />
		<!-- put-attribute name="tree" 	value="/WEB-INF/views/staticpages/staticPagesTree.jsp" /> -->
		<put-attribute name="body" 	value="/WEB-INF/views/staticpages/globalVariables/globalVariableLst.jsp" />
	</definition>
		<definition name="globalVariableDtl" extends="baseTemplate">
		<put-attribute name="title" value="Add/Edit Global Variable" />
		<!-- put-attribute name="tree" 	value="/WEB-INF/views/staticpages/staticPagesTree.jsp" /> -->
		<put-attribute name="body" 	value="/WEB-INF/views/staticpages/globalVariables/globalVariableDtl.jsp" />
	</definition>	

</tiles-definitions>